{"cameraMode":{"drawMode":0,"name":"Shaded","section":"Shading Mode"},"sceneLighting":false,"audioPlay":false,"sceneViewState":{"m_AlwaysRefresh":false,"showFog":true,"showSkybox":false,"showFlares":true,"showImageEffects":true,"showParticleSystems":true,"showVisualEffectGraphs":true,"m_FxEnabled":true},"in2DMode":false,"pivot":{"x":0.11180845648050308,"y":0.7835585474967957,"z":-0.6221095323562622},"rotation":{"x":0.00008087660535238683,"y":0.9636903405189514,"z":-0.2670302987098694,"w":0.00029059714870527387},"size":1.3068475723266602,"orthographic":false}